{
  "prepare_queue": {
    "installed": [],
    "uninstalled": []
  },
  "config_munge": {
    "files": {
      "res/xml/config.xml": {
        "parents": {
          "/*": [
            {
              "xml": "<feature name=\"Whitelist\"><param name=\"android-package\" value=\"org.apache.cordova.whitelist.WhitelistPlugin\" /><param name=\"onload\" value=\"true\" /></feature>",
              "count": 1
            },
            {
              "xml": "<feature name=\"InfrasoftPlugin\"><param name=\"android-package\" value=\"com.infrasoft.vijay.InfrasoftPlugin\" /></feature>",
              "count": 1
            }
          ]
        }
      }
    }
  },
  "installed_plugins": {
    "cordova-plugin-whitelist": {
      "PACKAGE_NAME": "com.infrasoft.PluginUserApp"
    },
    "com.infrasoft.vijay": {
      "PACKAGE_NAME": "com.infrasoft.PluginUserApp"
    }
  },
  "dependent_plugins": {},
  "modules": [
    {
      "id": "com.infrasoft.vijay.InfrasoftPlugin",
      "file": "plugins/com.infrasoft.vijay/www/InfrasoftPlugin.js",
      "pluginId": "com.infrasoft.vijay",
      "clobbers": [
        "cordova.plugins.InfrasoftPlugin"
      ]
    }
  ],
  "plugin_metadata": {
    "cordova-plugin-whitelist": "1.3.4",
    "com.infrasoft.vijay": "1.0.0"
  }
}
